thread_id,timestamp,user_query,response
1,01:28:27,"Hi
",Hello! How can I assist you today?
1,01:28:38,"What can u do?
","I can assist you with a variety of tasks, including:

1. **Answering Questions**: I can provide information on a wide range of topics, including current events, technology, science, and more.

2. **Searching for Information**: I can look up specific information or data online.

3. **Database Queries**: I can query specific databases for information, such as product details or specifications.

4. **Providing Recommendations**: I can suggest products, services, or solutions based on your needs.

5. **General Assistance**: I can help with planning, organizing, and providing tips on various subjects.

If you have something specific in mind, feel free to ask!"
1,01:29:14,Can u tell me more about Geforce RTX 4090?,"The NVIDIA GeForce RTX 4090 is a high-end graphics card known for its impressive specifications and performance. Here are some key features:

1. **Memory**: 
   - It comes with 24 GB of GDDR6X memory.
   - The memory is clocked at 21 Gbps across a 384-bit bus interface, providing up to 1 TB/s of bandwidth.

2. **Processing Units**:
   - The RTX 4090 features 14,592 shading units, 456 texture mapping units, and 176 ROPs (Render Output Units).
   - It includes 456 tensor cores, which enhance the speed of machine learning applications.
   - The card is equipped with 114 ray tracing acceleration cores, allowing for advanced lighting and shadow effects in games.

For more detailed information, you can check out the following sources:
- [Wccftech](https://wccftech.com/roundup/nvidia-geforce-rt-4090/)
- [TechPowerUp](https://www.techpowerup.com/gpu-specs/geforce-rtx-4090-d.c4189)

If you have any specific questions or need further details, feel free to ask!"
1,01:31:21,Hi,Hello! How can I assist you today?
1,01:38:24,"HI, tell me more about Geforce RTX 4090","The GeForce RTX 4090 is an enthusiast-class graphics card developed by NVIDIA, launched on September 20, 2022. Here are some key details about the card:

1. **Architecture**: The RTX 4090 is based on NVIDIA's Ada Lovelace architecture, which enhances performance and efficiency.

2. **Shader Units**: Unlike the fully unlocked TITAN Ada, which has all 18,432 shaders enabled, the RTX 4090 has some shading units disabled to meet its target shader count.

3. **Power Requirements**: This graphics card is a triple-slot design and requires a single 16-pin power connector, with a maximum power draw rated at 450 watts.

4. **Performance**: The RTX 4090 is designed to deliver high frame rates, making it suitable for gaming at 4K resolution. It has been noted for its exceptional performance in both gaming and creator applications.

5. **Market Position**: The RTX 4090 represents a significant advancement in graphics technology, allowing gamers to experience high frame rates at higher resolutions, such as 4K.

For more detailed specifications and performance reviews, you can check out the following links:
- [TechPowerUp - GeForce RTX 4090 Specs](https://www.techpowerup.com/gpu-specs/geforce-rtx-4090.c3889)
- [NVIDIA - GeForce RTX 4090 Announcement](https://www.nvidia.com/en-us/geforce/news/geforce-rtx-4090-out-now/)"
1,01:41:22,Tell me about chipset Geforce RTX 4090,"The Nvidia GeForce RTX 4090 is a high-end graphics card that represents a significant leap in performance compared to its predecessors. Here are some key details about the chipset:

### Specifications:
- **GPU Architecture**: Nvidia Lovelace
- **GPU Model**: AD102
- **CUDA Cores**: 16,384
- **Tensor Cores**: 512
- **Ray Tracing Cores**: 128
- **VRAM**: 24GB GDDR6X
- **Base Clock**: 2,235 MHz
- **Boost Clock**: 2,520 MHz
- **Power Draw (TGP)**: 450W
- **Bandwidth**: 1,018 GB/s
- **Bus Interface**: PCIe 4.0 x16
- **Outputs**: 1 x HDMI 2.1, 3 x DisplayPort 1.4a
- **Power Connector**: 1 x 16-pin

### Performance:
The RTX 4090 is noted for its exceptional performance, making it one of the best graphics cards available for enthusiasts and professionals. It features a substantial generational improvement in hardware, thanks to the new Nvidia Lovelace architecture, which utilizes a custom TSMC and NVIDIA-made 4N manufacturing process. This allows for 76.3 billion transistors in a die size smaller than the previous generation.

### Market Position:
While the RTX 4090 is priced higher than its predecessor, the RTX 3090 Ti, it offers significantly more performance for the price, making it a compelling choice for early adopters and creatives who require top-tier graphics capabilities.

For more detailed information, you can check the full reviews on [TechRadar](https://www.techradar.com/reviews/nvidia-geforce-rtx-4090) and [The FPS Review](https://www.thefpsreview.com/gpu-family/nvidia-geforce-rtx-4090-gpu-family-specifications/)."
1,01:58:12,"HI, tell me about average prices of Geforce RTX 4090 chipset","The average prices for the GeForce RTX 4090 chipset vary depending on the specific model and retailer. Here are some details:

1. **ASUS TUF Gaming GeForce RTX 4090**:
   - Current Price: $1599.99
   - Average Price: $1634
   - Highest Recorded Price: $1999.99
   - Lowest Recorded Price: $1599

   [More details here](https://pangoly.com/en/price-history/asus-tuf-gaming-geforce-rtx-4090).

2. **Gigabyte GeForce RTX 4090 24GB OC**:
   - Average Price: $1745

   [More details here](https://pangoly.com/en/price-history/gigabyte-geforce-rtx-4090-24gb-oc).

Overall, the average price for the GeForce RTX 4090 chipset is around $1634 to $1745, depending on the specific model and retailer."
1,02:02:19,"tell me about your databases
","I have access to a SQL database specifically focused on PC accessories, which includes a variety of components and peripherals related to personal computers. This database allows me to query information about different products, specifications, and other relevant details.

Additionally, I can access a search engine that provides comprehensive and trusted results for current events and general inquiries. This enables me to gather up-to-date information beyond the scope of the SQL database.

If you have specific questions or need information about certain products or topics, feel free to ask!"
1,02:03:28,tell me more about your SQL table names,"I currently don't have direct access to the specific schema or table names within the SQL database. However, I can query the database for information based on your requests. Typically, a database focused on PC accessories might include tables related to:

- Products (e.g., keyboards, mice, monitors)
- Specifications (e.g., dimensions, weight, compatibility)
- Brands (e.g., Logitech, Razer, Corsair)
- Categories (e.g., gaming, office, professional)
- Prices and availability

If you have a specific query or need information about a particular type of accessory, I can perform a search in the database for you!"
1,02:07:11,tell me about your table names,"I don't have direct access to my internal database or its structure, including table names. However, I can help you with queries or information related to specific topics or data you might be interested in. If you have a specific question or need assistance with a particular subject, feel free to ask!"
1,02:07:45,tell me about average chipset prices,"Here are some insights regarding average chipset prices in 2023:

1. **Smartphone Chipset Market**: The smartphone chipset market size was estimated to be $48.2 billion in 2022 and is projected to be around $47 billion in 2023. The average unit price of chipsets is increasing, driven by factors such as the rise of 5G technology, the expansion of premium chipset offerings, and higher semiconductor costs experienced in 2021-2022. The overall average selling price of chipsets rose from $31 in 2020.

   [Read more here](https://www.eetasia.com/smartphone-chipset-market-update/).

2. **TSMC Wafer Prices**: TSMC, a major player in the semiconductor industry, reported an increase in the average selling price of its 300-mm wafers in Q3 2023. This rise is attributed to the growing shipments of advanced 3nm chips to key customers like Apple. TSMC's net revenue for Q4 2023 reached $19.62 billion, indicating a trend towards more expensive products in the semiconductor market.

   [Read more here](https://www.tomshardware.com/tech-industry/newer-chips-are-rapidly-becoming-far-more-expensive-tsmcs-average-wafer-price-jumped-22-in-one-year-and-nearly-all-semiconductor-industry-growth-now-comes-from-more-expensive-products).

These trends suggest that chipset prices are on the rise, influenced by technological advancements and market demands."
1,02:10:32,"Привет, расскажи, какие у тебя есть данные?","Привет! У меня есть доступ к различным данным, включая:

1. **Базы данных**: Я могу выполнять запросы к SQL базам данных, чтобы получить информацию о компьютерных аксессуарах и других связанных товарах.

2. **Поисковые результаты**: Я могу искать актуальную информацию в интернете, включая новости, статьи и другие ресурсы, чтобы ответить на вопросы о текущих событиях или темах.

Если у тебя есть конкретный вопрос или тема, о которой ты хочешь узнать больше, дай знать!"
1,02:15:11,Из таблицы gpu_full_info найди видеокарту с наибольшим рейтингом,"Видеокарта с наибольшим рейтингом — **Asus ROG STRIX GAMING OC** с моделью **GeForce RTX 4090**, рейтинг составляет **100.0**."
1,02:16:08,какие еще видеокарты там представлены?,"Вот список видеокарт, представленных в таблице:

1. **Asus TUF GAMING** - GeForce RTX 4070 Ti, рейтинг: 95199.04
2. **Gigabyte WINDFORCE OC** - GeForce RTX 4070, рейтинг: 80861.28
3. **Asus ROG STRIX GAMING OC** - GeForce RTX 4090, рейтинг: 218345.08
4. **ASRock Challenger D** - Radeon RX 6600, рейтинг: 35546.67
5. **XFX Speedster MERC 319 CORE** - Radeon RX 6800 XT, рейтинг: 100541.47
6. **XFX Speedster MERC 319** - Radeon RX 6950 XT, рейтинг: 72817.50
7. **Gigabyte EAGLE** - Radeon RX 6600, рейтинг: 35546.67
8. **MSI VENTUS 3X OC** - GeForce RTX 4070, рейтинг: 80861.28
9. **MSI MECH 2X OC** - Radeon RX 6700 XT, рейтинг: 67413.57
10. **NVIDIA Founders Edition** - GeForce RTX 4090, рейтинг: 218345.08
11. **XFX Speedster MERC 310 Black Edition** - Radeon RX 7900 XTX, рейтинг: 113740.70
12. **Asus DUAL OC** - GeForce RTX 3060 Ti, рейтинг: 47190.91
13. **Gigabyte EAGLE** - GeForce RTX 4060 Ti, рейтинг: 47786.55
14. **Sapphire PULSE** - Radeon RX 6700 XT, рейтинг: 67413.57
15. **Asus DUAL** - GeForce RTX 4070, рейтинг: 80861.28
16. **XFX Speedster SWFT 309** - Radeon RX 6700 XT, рейтинг: 67413.57
17. **MSI GAMING X TRIO** - GeForce RTX 4070 Ti, рейтинг: 95199.04
18. **ASRock Challenger D OC** - Radeon RX 6700 XT, рейтинг: 67413.57
19. **XFX GTR XXX** - Radeon RX 580, рейтинг: 21861.53
20. **Gigabyte GAMING OC** - GeForce RTX 4090, рейтинг: 218345.08

Это только часть видеокарт из таблицы. Если вам нужно больше информации или конкретные модели, дайте знать!"
1,02:17:10,Найди мне видеокарту с наивысшим рейтингом,"Видеокарта с наивысшим рейтингом — **Asus ROG STRIX GAMING OC** с моделью **GeForce RTX 4090**, рейтинг составляет **100.0**."
1,02:17:40,А с наихудшим?,"Видеокарта с наихудшим рейтингом — **Zotac ZT-52FPC2N-HSL** с моделью **GeForce FX 5200**, рейтинг составляет **0.25**."
1,02:18:35,Найди мне 5 видеокарт в пределах стоиомости 100000,"Вот 5 видеокарт в пределах стоимости 100000:

1. **Asus TUF GAMING**
   - Модель: GeForce RTX 4070 Ti
   - Цена: 95199.04
   - Архитектура: Ada Lovelace
   - Год выпуска: 2023
   - Потребляемая мощность: 285 W

2. **Gigabyte WINDFORCE OC**
   - Модель: GeForce RTX 4070
   - Цена: 80861.28
   - Архитектура: Ada Lovelace
   - Год выпуска: 2023
   - Потребляемая мощность: 200 W

3. **ASRock Challenger D**
   - Модель: Radeon RX 6600
   - Цена: 35546.67
   - Архитектура: RDNA 2.0
   - Год выпуска: 2021
   - Потребляемая мощность: 132 W

4. **XFX Speedster MERC 319**
   - Модель: Radeon RX 6950 XT
   - Цена: 72817.50
   - Архитектура: RDNA 2.0
   - Год выпуска: 2022
   - Потребляемая мощность: 335 W

5. **Gigabyte EAGLE**
   - Модель: Radeon RX 6600
   - Цена: 35546.67
   - Архитектура: RDNA 2.0
   - Год выпуска: 2021
   - Потребляемая мощность: 132 W

Если вам нужна дополнительная информация, дайте знать!"
